City_ID,City,Lat,Lng,Max Temp,Humidity,Cloudiness,Wind Speed,Country,Date
0,nago,26.5881,127.9761,27.470000000000027,83,45,6.31,JP,1696164298
1,port-aux-francais,-49.35,70.2167,5.680000000000007,97,100,15.85,TF,1696163925
2,jamestown,42.097,-79.2353,14.770000000000039,100,100,0.45,US,1696163934
3,richards bay,-28.783,32.0377,18.79000000000002,64,100,5.2,ZA,1696164300
4,punta arenas,-53.15,-70.9167,4.060000000000002,70,40,10.29,CL,1696163997
5,hadibu,12.65,54.0333,28.120000000000005,79,69,0.81,YE,1696164069
6,vadso,70.0744,29.7487,8.090000000000032,76,100,1.03,NO,1696164049
7,waitangi,-43.9535,-176.5597,11.010000000000048,84,41,3.13,NZ,1696163921
8,tazovsky,67.4667,78.7,-0.03999999999996362,95,100,6.4,RU,1696163923
9,coxen hole,16.3244,-86.5366,28.600000000000023,89,40,6.17,HN,1696163986
10,sao felix do xingu,-6.6447,-51.995,37.56,23,88,0.97,BR,1696164086
11,grytviken,-54.2811,-36.5092,4.220000000000027,66,38,3.93,GS,1696163924
12,marang,5.2056,103.2059,26.950000000000045,83,72,0.37,MY,1696164304
13,lloydminster,53.2835,-110.0016,5.1200000000000045,93,75,1.54,CA,1696164304
14,la'ie,21.6477,-157.9253,25.980000000000018,80,62,1.79,US,1696164305
15,georgetown,5.4112,100.3354,29.99000000000001,76,20,2.24,MY,1696163762
16,qaqortoq,60.7167,-46.0333,3.1299999999999955,76,99,2.48,GL,1696163932
17,morehead city,34.7229,-76.726,19.430000000000007,89,0,3.6,US,1696164307
18,talnakh,69.4865,88.3972,-10.439999999999998,91,12,1.37,RU,1696164014
19,tiksi,71.6872,128.8694,-6.789999999999964,90,53,3.27,RU,1696163993
20,luau,-10.7073,22.2247,31.850000000000023,28,100,2.71,AO,1696164309
21,bredasdorp,-34.5322,20.0403,18.400000000000034,51,0,6.66,ZA,1696163926
22,greenville,35.6127,-77.3663,17.860000000000014,95,40,1.54,US,1696164179
23,turabah,21.2141,41.6331,36.47000000000003,8,5,7.33,SA,1696164310
24,pisco,-13.7,-76.2167,18.340000000000032,88,0,2.06,PE,1696164013
25,margaret river,-33.95,115.0667,14.230000000000018,84,99,11.12,AU,1696163987
26,adamstown,-25.066,-130.1015,20.5,83,36,10.69,PN,1696163921
27,papatowai,-46.5619,169.4708,14.0,65,98,4.44,NZ,1696163932
28,blackmans bay,-43.0167,147.3167,8.620000000000005,71,11,2.89,AU,1696163922
29,kikwit,-5.041,18.8162,35.200000000000045,38,79,1.02,CD,1696164314
30,wailua homesteads,22.0669,-159.378,24.439999999999998,83,0,7.72,US,1696164013
31,olonkinbyen,70.9221,-8.7187,0.6700000000000159,68,100,3.91,SJ,1696163980
32,okoneshnikovo,54.8377,75.0834,8.670000000000016,52,8,1.43,RU,1696164315
33,forster,-32.1667,152.5167,17.379999999999995,81,88,3.6,AU,1696164316
34,port mathurin,-19.6833,63.4167,22.720000000000027,83,69,8.49,MU,1696163925
35,haiku-pauwela,20.9219,-156.3051,25.58000000000004,71,0,5.14,US,1696164006
36,edinburgh of the seven seas,-37.0676,-12.3116,9.600000000000023,60,100,12.24,SH,1696163923
37,andilamena,-17.0167,48.5833,24.879999999999995,52,11,4.41,MG,1696164318
38,college,64.8569,-147.8028,4.140000000000043,72,75,2.57,US,1696164019
39,lebu,-37.6167,-73.65,10.910000000000025,79,100,4.06,CL,1696164011
40,whitehorse,60.7161,-135.0538,3.430000000000007,94,100,5.14,CA,1696163901
41,plettenberg bay,-34.0527,23.3716,16.860000000000014,60,1,4.58,ZA,1696164320
42,suva,-18.1416,178.4415,21.710000000000036,64,40,3.09,FJ,1696163993
43,longyearbyen,78.2186,15.6401,-3.089999999999975,68,75,8.23,SJ,1696163683
44,nyurba,63.2842,118.3319,6.1299999999999955,81,97,0.45,RU,1696164023
45,albany,42.6001,-73.9662,14.730000000000018,97,0,0.45,US,1696164199
46,walvis bay,-22.9575,14.5053,20.53000000000003,56,0,2.57,NA,1696164322
47,petropavlovsk-kamchatsky,53.0452,158.6483,6.360000000000014,91,100,2.0,RU,1696163995
48,petropavlovka,50.6114,105.3196,10.189999999999998,65,100,3.43,RU,1696164323
49,vorgashor,67.5833,63.95,6.900000000000034,99,100,5.13,RU,1696164026
50,aksu,41.1231,80.2644,21.340000000000032,28,7,2.53,CN,1696164323
51,zhob,31.3411,69.4481,25.160000000000025,9,0,1.71,PK,1696164324
52,isafjordur,66.0755,-23.124,8.020000000000039,76,75,3.6,IS,1696163924
53,puerto ayora,-0.7393,-90.3518,22.53000000000003,92,100,1.34,EC,1696163924
54,tofol,5.3248,163.0078,28.670000000000016,71,21,2.72,FM,1696164325
55,iqaluit,63.7506,-68.5145,1.8500000000000227,100,75,3.09,CA,1696163925
56,idukki,9.85,76.9667,21.120000000000005,98,96,1.81,IN,1696164326
57,zeya,53.75,127.2667,9.160000000000025,65,99,1.97,RU,1696164326
58,xilin hot,43.9667,116.0333,10.360000000000014,36,0,3.55,CN,1696164326
59,ilulissat,69.2167,-51.1,-1.9899999999999523,64,0,1.54,GL,1696164001
60,bethel,41.3712,-73.414,15.800000000000011,87,0,2.43,US,1696163893
61,lihue,21.9789,-159.3672,24.77000000000004,83,0,7.72,US,1696164021
62,puerto natales,-51.7236,-72.4875,3.25,87,75,8.75,CL,1696163933
63,san jorge,-31.8962,-61.8598,17.129999999999995,29,0,3.72,AR,1696164328
64,mount horeb,43.0086,-89.7385,18.629999999999995,87,38,2.56,US,1696164329
65,utrik,11.2278,169.8474,27.379999999999995,76,100,1.16,MH,1696163923
66,sangueya,10.7,-14.3667,32.160000000000025,64,100,1.43,GN,1696164329
67,puerto baquerizo moreno,-0.9,-89.6,22.720000000000027,87,100,5.36,EC,1696164330
68,santa cruz,-17.8,-63.1667,26.03000000000003,38,75,6.69,BO,1696164302
69,yellowknife,62.456,-114.3525,6.900000000000034,96,100,5.66,CA,1696163813
70,kununurra,-15.7667,128.7333,26.99000000000001,57,19,3.09,AU,1696164027
71,livingstonia,-10.606,34.1063,26.960000000000036,38,15,3.32,MW,1696164332
72,waingapu,-9.6567,120.2641,25.29000000000002,79,100,1.82,ID,1696163929
73,cidreira,-30.1811,-50.2056,15.400000000000034,69,100,3.46,BR,1696164333
74,bandar abbas,27.1865,56.2808,34.99000000000001,49,0,6.17,IR,1696164333
75,awjilah,29.1081,21.2869,30.55000000000001,26,100,5.1,LY,1696164030
76,port alfred,-33.5906,26.891,19.54000000000002,70,53,2.24,ZA,1696164028
77,herval,-32.0236,-53.3956,13.580000000000041,62,0,2.29,BR,1696164335
78,invercargill,-46.4,168.35,15.57000000000005,68,100,7.6,NZ,1696163876
79,hamilton,39.1834,-84.5333,17.77000000000004,94,0,0.45,US,1696163861
80,carutapera,-1.195,-46.02,29.950000000000045,62,77,4.7,BR,1696164051
81,pathein,16.7833,94.7333,24.390000000000043,97,100,1.76,MM,1696164337
82,anadyr,64.75,177.4833,-2.7199999999999704,86,0,4.0,RU,1696163990
83,nova sintra,14.8667,-24.7167,23.939999999999998,79,91,11.01,CV,1696163990
84,hawaiian paradise park,19.5933,-154.9731,22.80000000000001,94,0,3.09,US,1696163932
85,tamanrasset,22.785,5.5228,29.950000000000045,17,40,4.12,DZ,1696164073
86,pak phanang,8.3511,100.202,31.010000000000048,72,24,0.37,TH,1696164339
87,ushuaia,-54.8,-68.3,4.810000000000002,60,75,5.66,AR,1696163930
88,bilibino,68.0546,166.4372,-7.7999999999999545,90,100,0.46,RU,1696163928
89,green river,41.5286,-109.4662,17.220000000000027,30,14,1.34,US,1696164342
90,calatayud,41.3535,-1.6432,31.660000000000025,21,25,0.74,ES,1696164342
91,kaset sombun,16.2805,101.9542,25.400000000000034,90,95,1.49,TH,1696164343
92,nemuro,43.3236,145.575,16.720000000000027,94,100,3.16,JP,1696163930
93,vila velha,-20.3297,-40.2925,23.970000000000027,80,100,3.6,BR,1696164188
94,xianyang,34.3378,108.7026,15.580000000000041,100,100,6.0,CN,1696164345
95,rutana,-3.8667,30.1,30.129999999999995,20,30,1.49,BI,1696164346
96,salgueiro,-8.0742,-39.1192,28.860000000000014,30,7,5.62,BR,1696164346
97,minab,27.1467,57.0801,33.73000000000002,35,0,4.5,IR,1696164347
98,okha,53.5739,142.9478,8.75,97,100,5.47,RU,1696164061
99,n'dalatando,-9.2978,14.9116,30.650000000000034,46,94,0.98,AO,1696164348
100,macon,39.8667,-88.9668,16.25,100,0,2.49,US,1696164092
101,alta,69.9689,23.2717,6.590000000000032,85,75,5.14,NO,1696164349
102,zaysan,47.4667,84.8667,11.78000000000003,64,59,0.54,KZ,1696164349
103,broken hill,-31.95,141.4333,19.400000000000034,35,4,5.78,AU,1696163993
104,udachny,66.4167,112.4,0.25,100,100,7.16,RU,1696163985
105,kentau,43.5206,68.5094,18.220000000000027,31,100,3.43,KZ,1696164078
106,vilyuysk,63.7553,121.6247,7.220000000000027,82,100,0.89,RU,1696164352
107,maintirano,-18.0667,44.0167,27.80000000000001,60,0,6.36,MG,1696164352
108,christchurch,-43.5333,172.6333,17.110000000000014,68,100,4.63,NZ,1696164353
109,holualoa,19.6228,-155.9522,25.480000000000018,82,0,3.6,US,1696164353
110,karaton,-6.3424,106.1045,24.200000000000045,78,89,0.56,ID,1696164354
111,puerto deseado,-47.7503,-65.8938,10.410000000000025,48,100,5.35,AR,1696164086
112,punta del este,-34.9667,-54.95,13.060000000000002,81,20,7.6,UY,1696164035
113,port lincoln,-34.7333,135.8667,12.430000000000007,79,0,1.73,AU,1696163779
114,kodiak,57.79,-152.4072,9.730000000000018,93,100,2.57,US,1696164020
115,ribeira grande,38.5167,-28.7,22.220000000000027,68,40,4.92,PT,1696164014
116,kirensk,57.7853,108.1119,1.740000000000009,76,100,4.53,RU,1696164356
117,port elizabeth,-33.918,25.5701,19.620000000000005,61,75,3.6,ZA,1696163819
118,aykhal,66.0,111.5,1.7100000000000364,94,100,5.36,RU,1696164071
119,ust'-uda,54.1742,103.0304,3.2100000000000364,60,100,3.13,RU,1696164358
120,stanley,54.868,-1.6985,20.710000000000036,76,40,5.14,GB,1696163921
121,selfoss,63.9331,-20.9971,10.020000000000039,68,100,7.26,IS,1696164054
122,villarrica,-25.75,-56.4333,23.420000000000016,56,0,2.86,PY,1696164359
123,uturoa,-16.7333,-151.4333,25.879999999999995,77,94,8.26,PF,1696163993
124,daru,-9.0763,143.2092,24.840000000000032,88,100,6.86,PG,1696164362
125,st. john's,47.5649,-52.7093,16.650000000000034,73,40,6.17,CA,1696163999
126,kosong,38.3788,128.4676,18.27000000000004,67,0,3.96,KR,1696164363
127,taroa,8.7058,171.2275,26.24000000000001,82,100,0.49,MH,1696164364
128,pijijiapan,15.7011,-93.23,26.04000000000002,87,100,1.97,MX,1696164364
129,saint-philippe,-21.3585,55.7679,26.77000000000004,71,13,4.7,RE,1696163988
130,atafu village,-8.5421,-172.5159,28.450000000000045,70,96,1.32,TK,1696164025
131,ulaangom,49.9811,92.0667,10.210000000000036,68,100,1.71,MN,1696164366
132,sol'-iletsk,51.1631,54.9918,18.710000000000036,41,10,2.66,RU,1696164367
133,west island,-12.1568,96.8225,25.99000000000001,73,75,7.72,CC,1696163931
134,kirov,58.5966,49.6601,17.55000000000001,59,89,5.36,RU,1696164149
135,tarauaca,-8.1614,-70.7656,27.810000000000002,73,100,0.94,BR,1696164367
136,portoferraio,42.8115,10.3146,27.310000000000002,78,0,0.0,IT,1696164368
137,turpan,42.9333,89.1667,25.80000000000001,22,3,1.81,CN,1696164060
138,hasaki,35.7333,140.8333,22.379999999999995,87,100,5.42,JP,1696163928
139,hermanus,-34.4187,19.2345,18.970000000000027,52,0,5.2,ZA,1696163992
140,san sebastian de la gomera,28.0916,-17.1133,30.200000000000045,58,0,3.09,ES,1696164370
141,al jawf,29.5,38.75,35.870000000000005,10,14,2.5,SA,1696164370
142,watertown,42.3709,-71.1828,15.480000000000018,90,75,3.09,US,1696164187
143,puerto san jose,13.9256,-90.8244,26.129999999999995,85,71,1.39,GT,1696164371
144,eenhana,-17.4667,16.3333,38.60000000000002,7,0,3.0,NA,1696164372
145,kabwe,-14.4469,28.4464,35.150000000000034,17,89,5.08,ZM,1696164228
146,crane,31.3974,-102.3501,22.160000000000025,79,100,7.46,US,1696164373
147,cockburn town,21.4612,-71.1419,28.77000000000004,72,96,7.72,TC,1696163856
148,evanston,42.0411,-87.6901,18.870000000000005,74,20,1.54,US,1696164173
149,fomboni,-12.28,43.7425,26.090000000000032,74,54,3.33,KM,1696164374
150,malango,-2.9627,119.9001,19.860000000000014,98,68,0.55,ID,1696164375
151,anchorage,61.2181,-149.9003,7.82000000000005,90,75,0.0,US,1696164201
152,song cau,13.45,109.2167,26.640000000000043,88,100,2.84,VN,1696164375
153,tegueste,28.5167,-16.3167,29.640000000000043,41,0,4.63,ES,1696164376
154,dudinka,69.4058,86.1778,-10.20999999999998,96,44,1.34,RU,1696163980
155,sanibel,26.449,-82.0223,26.010000000000048,95,90,2.68,US,1696164377
156,bikenibeu village,1.3673,173.1241,27.980000000000018,83,40,2.06,KI,1696163996
157,aldan,58.6031,125.3894,3.4399999999999977,69,16,1.34,RU,1696164377
158,reggane,26.7158,0.1714,39.24000000000001,13,0,6.79,DZ,1696164378
159,howard springs,-12.497,131.047,27.950000000000045,72,99,2.88,AU,1696163930
160,suwayr,30.1171,40.3893,35.52000000000004,13,4,1.11,SA,1696164378
161,ust-nera,64.5667,143.2,-1.669999999999959,60,56,3.32,RU,1696163929
162,cill airne,52.05,-9.5167,16.03000000000003,77,20,4.12,IE,1696164011
163,qarazhal,48.0078,70.7903,11.990000000000009,69,100,4.76,KZ,1696164379
164,mwinilunga,-11.7358,24.4293,32.32000000000005,21,87,2.04,ZM,1696164053
165,margate,51.3813,1.3862,20.939999999999998,75,100,0.45,GB,1696163922
166,avarua,-21.2078,-159.775,25.03000000000003,94,75,2.57,CK,1696163936
167,ngaruawahia,-37.6674,175.1555,14.0,87,91,5.81,NZ,1696164383
168,tsiombe,-25.3,45.4833,30.340000000000032,33,1,6.45,MG,1696164023
169,eyl,7.9803,49.8164,29.04000000000002,68,16,11.39,SO,1696164384
170,smirnykh,49.75,142.8333,11.050000000000011,96,100,2.68,RU,1696164384
171,nagqu,31.5,92.0,4.720000000000027,88,28,1.71,CN,1696164045
172,polyarnyy,69.1989,33.4478,6.830000000000041,75,100,6.93,RU,1696163928
173,argo,37.6333,22.7333,24.32000000000005,34,13,2.46,GR,1696164386
174,nova vicosa,-17.8919,-39.3719,26.5,60,7,3.08,BR,1696164387
175,salavan,15.7167,106.4167,24.760000000000048,95,14,0.49,LA,1696164387
176,zavolzh'ye,56.6428,43.3936,18.890000000000043,44,82,6.29,RU,1696164388
177,alice springs,-23.7,133.8833,27.75,17,53,1.03,AU,1696164002
178,keflavik,64.0049,-22.5624,11.950000000000045,76,75,6.17,IS,1696164085
179,midelt,32.6852,-4.7451,27.090000000000032,17,0,2.72,MA,1696164391
180,egilsstadir,65.2653,-14.3948,6.9500000000000455,87,75,6.17,IS,1696163922
181,mugia,43.1041,-9.2179,26.760000000000048,71,77,0.81,ES,1696164072
182,vilyuchinsk,52.9306,158.4028,7.180000000000007,82,100,0.91,RU,1696164056
183,portage la prairie,49.9728,-98.2926,15.060000000000002,59,100,3.12,CA,1696164020
184,levuka,50.1834,-105.4011,11.900000000000034,76,100,5.22,CA,1696164392
185,ilha de mocambique,-15.0342,40.7358,27.220000000000027,70,3,9.16,MZ,1696164072
186,kulhudhuffushi,6.6221,73.07,27.24000000000001,80,100,6.39,MV,1696164392
187,chauk,20.8833,94.8167,25.350000000000023,90,100,6.48,MM,1696164393
188,rongelap,11.1635,166.8941,28.060000000000002,78,100,6.39,MH,1696164084
189,aasiaat,68.7098,-52.8699,-5.17999999999995,73,7,5.28,GL,1696164022
190,al bawiti,28.3492,28.8659,31.379999999999995,25,88,7.02,EG,1696164393
191,dzhambeyty,50.2536,52.595,20.210000000000036,38,1,3.42,KZ,1696164394
192,strovolos,35.1329,33.3455,29.32000000000005,39,40,3.09,CY,1696164394
193,progreso,21.2833,-89.6667,26.170000000000016,87,64,2.73,MX,1696164394
194,neiafu,-18.65,-173.9833,22.379999999999995,64,75,4.12,TO,1696164394
195,palikir - national government center,6.9248,158.1611,24.410000000000025,94,100,1.54,FM,1696164070
196,puerto aysen,-45.4,-72.7,4.730000000000018,95,100,1.89,CL,1696164395
197,lashio,22.9333,97.75,20.960000000000036,98,100,0.65,MM,1696164063
198,sao vicente,-23.9631,-46.3919,25.100000000000023,59,100,2.06,BR,1696164395
199,narrabri,-30.3167,149.7833,23.129999999999995,34,5,5.11,AU,1696164395
200,gondar,12.6,37.4667,19.950000000000045,68,70,3.75,ET,1696164396
201,tuy hoa,13.0833,109.3,26.27000000000004,88,100,1.43,VN,1696164396
202,heilbron,-27.2812,27.9709,26.010000000000048,17,0,4.3,ZA,1696164396
203,caluula,11.9661,50.7569,28.590000000000032,71,6,4.37,SO,1696164396
204,waddan,29.1614,16.139,30.79000000000002,28,3,3.16,LY,1696164396
205,arraial do cabo,-22.9661,-42.0278,20.920000000000016,88,75,9.26,BR,1696164075
206,rochester,43.1548,-77.6156,18.170000000000016,92,6,1.79,US,1696164367
207,newbury,51.4003,-1.3206,22.180000000000007,86,99,1.79,GB,1696164370
208,port hedland,-20.3167,118.5667,26.03000000000003,69,0,4.63,AU,1696164398
209,thompson,55.7435,-97.8558,3.090000000000032,93,75,2.57,CA,1696163935
210,ciudad constitucion,25.0369,-111.6644,20.33000000000004,83,12,2.62,MX,1696164398
211,neelankarai,12.9455,80.2575,32.03000000000003,74,40,5.14,IN,1696164398
212,fale old settlement,-9.3852,-171.2468,27.77000000000004,76,19,1.65,TK,1696163931
213,taldykorgan,45.0156,78.3739,17.55000000000001,38,22,4.24,KZ,1696164399
214,waunakee,43.1919,-89.4557,20.930000000000007,84,0,0.45,US,1696164399
215,borogontsy,62.6683,131.1683,1.830000000000041,53,99,2.24,RU,1696164399
216,saipan,15.1355,145.701,28.390000000000043,89,40,3.09,MP,1696164079
217,qui nhon,13.7667,109.2333,26.939999999999998,86,100,2.63,VN,1696164399
218,alaghsas,17.0187,8.0168,32.94,40,40,7.2,NE,1696164042
219,barrouallie,13.2333,-61.2667,28.79000000000002,74,40,3.6,VC,1696164400
220,pacific grove,36.6177,-121.9166,13.57000000000005,91,100,2.57,US,1696163820
221,codrington,-38.2667,141.9667,6.360000000000014,88,0,3.05,AU,1696164400
222,nuuk,64.1835,-51.7216,0.34000000000003183,93,100,4.63,GL,1696163929
223,oamaru,-45.0784,170.9801,10.740000000000009,72,100,5.69,NZ,1696164205
224,ishinomaki,38.4167,141.3,21.0,75,100,7.27,JP,1696164401
225,merritt,50.1123,-120.7942,3.8000000000000114,88,72,0.37,CA,1696164401
226,fort bragg,35.139,-79.006,18.230000000000018,93,0,1.79,US,1696163932
227,taguatinga,-12.3857,-46.5711,35.98000000000002,18,4,3.3,BR,1696164035
228,jumla,29.2747,82.1838,14.82000000000005,92,0,0.87,NP,1696163989
229,praia,14.9215,-23.5087,31.30000000000001,58,75,6.17,CV,1696164402
230,sao jose da coroa grande,-8.8978,-35.1478,25.700000000000045,69,100,3.6,BR,1696164047
231,rikaze,29.25,88.8833,15.960000000000036,44,87,0.61,CN,1696164402
232,colonia del sacramento,-34.4667,-57.85,12.07000000000005,71,0,3.09,UY,1696164112
233,olyokminsk,60.3736,120.4264,6.939999999999998,83,85,0.89,RU,1696164027
234,taourirt,34.4073,-2.8973,31.439999999999998,25,0,2.72,MA,1696164403
235,chanika,-5.4167,38.0167,27.430000000000007,46,14,2.92,TZ,1696164403
236,polican,40.6122,20.0981,26.480000000000018,30,61,3.38,AL,1696164403
237,ta`u,-14.2336,-169.5144,26.600000000000023,81,22,8.43,AS,1696163994
238,kerikeri,-35.2268,173.9474,9.270000000000039,95,21,2.51,NZ,1696163995
239,bazarnyy karabulak,52.2683,46.4144,21.83000000000004,39,16,4.37,RU,1696164404
240,aberdeen,57.1437,-2.0981,19.810000000000002,67,5,5.66,GB,1696164266
241,portland,45.5234,-122.6762,10.32000000000005,92,20,0.89,US,1696164310
242,vorkuta,67.5,64.0,7.1299999999999955,99,100,5.12,RU,1696163981
243,brisas de zicatela,15.8369,-97.0419,26.260000000000048,79,89,1.89,MX,1696164045
244,la foa,-21.7108,165.8276,19.77000000000004,70,100,1.92,NC,1696164405
245,onokhoy,51.932,108.0747,8.860000000000014,64,100,2.26,RU,1696164405
246,sarmiento,-45.5882,-69.07,10.920000000000016,47,100,8.26,AR,1696164406
247,kavaratti,10.5669,72.642,27.860000000000014,80,100,7.79,IN,1696164406
248,namibe,-15.1961,12.1522,22.58000000000004,66,5,4.32,AO,1696164406
249,katsuura,35.1333,140.3,25.420000000000016,82,97,4.23,JP,1696164406
250,freetown,8.484,-13.2299,22.840000000000032,100,75,1.54,SL,1696164407
251,boyolangu,-8.1181,111.8935,22.340000000000032,89,10,0.78,ID,1696164407
252,farafangana,-22.8167,47.8333,25.27000000000004,72,0,7.02,MG,1696164407
253,kurumkan,54.3,110.3,10.07000000000005,66,100,1.79,RU,1696164407
254,priozersk,61.0393,30.1291,13.939999999999998,38,100,6.81,RU,1696164379
255,aldinga beach,-35.2793,138.4604,12.900000000000034,85,0,3.78,AU,1696164408
256,port saint john's,-31.6229,29.5448,19.060000000000002,57,78,4.26,ZA,1696164026
257,hithadhoo,-0.6,73.0833,28.07000000000005,72,75,6.49,MV,1696164013
258,chandler,33.3062,-111.8412,22.129999999999995,48,0,2.06,US,1696164409
259,kearney,40.6995,-99.0815,20.950000000000045,71,0,6.69,US,1696164384
260,ancud,-41.8697,-73.8203,8.990000000000009,85,100,1.4,CL,1696164005
261,al qusayr,34.5091,36.5798,25.970000000000027,44,100,6.14,SY,1696164412
262,primero de enero,21.9469,-78.4283,29.140000000000043,74,6,2.58,CU,1696164412
263,ciudad lazaro cardenas,17.9583,-102.2,26.410000000000025,89,100,1.84,MX,1696164412
264,mount pearl,47.5166,-52.7813,16.090000000000032,74,40,6.17,CA,1696164070
265,guerrero negro,27.9769,-114.0611,18.350000000000023,78,2,3.96,MX,1696164412
266,carnarvon,-24.8667,113.6333,19.30000000000001,63,0,7.92,AU,1696164019
267,ebon,4.582,168.6964,28.430000000000007,75,10,3.54,MH,1696164413
268,puerto montt,-41.4698,-72.9447,6.460000000000036,100,100,2.06,CL,1696164413
269,tual,-5.6667,132.75,26.100000000000023,89,100,4.2,ID,1696164413
270,cannonvale,-20.2833,148.7,21.660000000000025,85,2,3.77,AU,1696164413
271,cadale,2.7603,46.3222,27.460000000000036,75,11,8.02,SO,1696164414
272,oranjemund,-28.55,16.4333,18.79000000000002,62,0,5.09,NA,1696164414
273,puerto colombia,10.9878,-74.9547,27.05000000000001,76,100,3.9,CO,1696164414
274,asekeyevo,53.5742,52.7972,17.77000000000004,46,9,3.58,RU,1696164414
275,monrovia,6.3005,-10.7969,28.870000000000005,72,100,2.32,LR,1696164415
276,porto novo,6.4965,2.6036,30.900000000000034,61,54,5.36,BJ,1696164049
277,nogliki,51.8333,143.1667,10.830000000000041,97,100,7.89,RU,1696164036
278,zdvinsk,54.7021,78.661,5.2900000000000205,48,7,1.35,RU,1696164415
279,atar,20.5169,-13.0499,32.03000000000003,29,100,7.2,MR,1696164416
280,gaspra,44.4333,34.1,22.660000000000025,56,82,0.24,UA,1696164416
281,dryden,49.7833,-92.7503,13.160000000000025,100,100,4.12,CA,1696164017
282,prince george,53.9166,-122.753,2.920000000000016,99,0,3.09,CA,1696164416
283,remire-montjoly,4.9167,-52.2667,31.02000000000004,66,75,3.6,GF,1696164416
284,baglung,28.2719,83.5898,20.920000000000016,95,5,1.22,NP,1696164417
285,zyryanovsk,49.7386,84.2719,9.57000000000005,70,51,0.95,KZ,1696164417
286,ibi,38.6253,-0.5723,29.640000000000043,23,9,2.44,ES,1696164417
287,banff,51.1762,-115.5698,1.2100000000000364,100,65,1.03,CA,1696164417
288,la passe,45.5549,-0.8967,29.129999999999995,41,56,1.46,FR,1696164056
289,kyren,51.6828,102.1408,6.640000000000043,92,100,3.58,RU,1696164418
290,fort st. john,56.2499,-120.8529,4.939999999999998,81,75,4.12,CA,1696164249
291,mermoz boabab,14.7065,-17.4758,31.310000000000002,74,20,3.09,SN,1696164376
292,san jose del guaviare,2.5729,-72.6459,24.510000000000048,95,100,1.66,CO,1696164043
293,puerto madero,14.7208,-92.4215,25.110000000000014,100,20,0.0,MX,1696164419
294,fuente del maestre,38.5266,-6.4478,33.19,18,4,2.9,ES,1696164419
295,lithgow,-33.4833,150.15,14.930000000000007,36,88,0.73,AU,1696164419
296,naze,28.3667,129.4833,25.510000000000048,77,67,6.38,JP,1696164419
297,gadzhiyevo,69.2551,33.3362,6.720000000000027,75,99,6.75,RU,1696164419
298,turtas,58.9417,69.1325,9.590000000000032,81,10,4.14,RU,1696164420
299,armacao de buzios,-22.7469,-41.8817,21.03000000000003,73,61,8.75,BR,1696164420
300,hilo,19.7297,-155.09,23.120000000000005,86,0,3.09,US,1696164069
301,kaoma,-14.7833,24.8,31.090000000000032,24,100,2.06,ZM,1696164420
302,yelovo,57.0538,54.9207,16.180000000000007,50,21,5.76,RU,1696164421
303,chibougamau,49.9168,-74.3659,11.740000000000009,79,8,1.72,CA,1696163973
304,harstad,68.799,16.5293,7.660000000000025,97,100,13.41,NO,1696164421
305,sechura,-5.5569,-80.8222,20.77000000000004,77,92,4.91,PE,1696164421
306,zhanaozen,43.3,52.8,22.510000000000048,28,4,0.89,KZ,1696164421
307,tangalle,6.024,80.7911,25.600000000000023,86,100,3.64,LK,1696164050
308,dalandzadgad,43.5708,104.425,15.910000000000025,17,100,2.76,MN,1696164422
309,mount gambier,-37.8333,140.7667,5.970000000000027,90,0,1.84,AU,1696164022
310,kalmunai,7.4167,81.8167,26.689999999999998,81,100,5.9,LK,1696164025
311,kruisfontein,-34.0033,24.7314,17.710000000000036,61,96,4.22,ZA,1696164422
312,greymouth,-42.4667,171.2,12.010000000000048,98,100,4.12,NZ,1696164423
313,san juan de miraflores,-12.1629,-76.9635,18.430000000000007,87,90,3.24,PE,1696164423
314,taro,-8.3862,115.28,22.0,82,75,0.26,ID,1696164423
315,klyuchi,52.2667,79.1667,9.650000000000034,71,0,2.96,RU,1696163931
316,deschutes river woods,43.9915,-121.3584,5.3700000000000045,82,0,2.57,US,1696164423
317,nema,57.5067,50.5011,19.600000000000023,45,5,4.7,RU,1696164424
318,palora,-1.7,-77.9333,20.060000000000002,95,100,0.87,EC,1696164006
319,natal,-5.795,-35.2094,28.360000000000014,65,75,4.63,BR,1696164417
320,strathalbyn,-35.2667,138.9,12.590000000000032,90,0,1.24,AU,1696164424
321,agat village,13.3886,144.6585,28.52000000000004,90,0,2.06,GU,1696164425
322,flying fish cove,-10.4217,105.6791,23.82000000000005,94,75,4.63,CX,1696163997
323,vlahita,46.35,25.5167,18.860000000000014,40,100,5.02,RO,1696164425
324,gilbert,33.3528,-111.789,22.090000000000032,49,40,2.06,US,1696164425
325,nouadhibou,20.931,-17.0347,33.99000000000001,31,100,5.14,MR,1696164425
326,timbuktu,16.7735,-3.0074,40.879999999999995,11,90,3.26,ML,1696164426
327,hotan,37.0997,79.9269,21.370000000000005,22,0,1.16,CN,1696163929
328,santa eularia des riu,38.9846,1.5341,29.060000000000002,55,0,3.09,ES,1696164426
329,shentala,54.45,51.4833,16.920000000000016,45,19,5.07,RU,1696164426
330,burang,30.25,81.1667,8.210000000000036,66,43,2.77,CN,1696164427
331,psachna,38.5833,23.6333,28.010000000000048,43,5,4.21,GR,1696164427
332,taksimo,56.3444,114.8794,9.28000000000003,60,89,0.89,RU,1696164427
333,chepo,9.1667,-79.1,28.890000000000043,89,100,1.23,PA,1696164254
334,kattivakkam,13.2167,80.3167,32.05000000000001,80,100,6.77,IN,1696164428
335,rio grande,-32.035,-52.0986,18.060000000000002,70,0,2.06,BR,1696164428
336,nurota,40.5614,65.6886,20.03000000000003,23,68,3.09,UZ,1696164428
337,cozumel,20.5083,-86.9458,28.30000000000001,95,75,0.45,MX,1696164429
338,gilgit,35.9221,74.3087,23.350000000000023,27,56,1.81,PK,1696164429
339,yeppoon,-23.1333,150.7333,19.879999999999995,71,0,5.18,AU,1696164429
340,colindres,43.3864,-3.4353,33.200000000000045,47,23,2.34,ES,1696164429
341,ekibastuz,51.6667,75.3667,12.840000000000032,63,17,3.3,KZ,1696164430
342,arroyo,41.6096,-4.7969,31.439999999999998,35,0,1.54,ES,1696164430
343,eraan,9.0629,117.7016,26.150000000000034,90,100,5.94,PH,1696164430
344,kingston,17.997,-76.7936,29.02000000000004,85,20,2.57,JM,1696163951
345,badger,64.8,-147.5333,4.090000000000032,72,20,2.57,US,1696163927
346,toliara,-23.35,43.6667,27.49000000000001,58,0,5.33,MG,1696164041
347,santa terezinha,-29.9002,-50.0904,15.129999999999995,75,100,4.14,BR,1696164431
348,ginir,7.1333,40.7,22.5,49,98,2.96,ET,1696164431
349,bogale,16.2833,95.4,24.370000000000005,97,100,1.8,MM,1696164431
350,duayaw-nkwanta,7.1724,-2.1028,29.54000000000002,63,81,0.85,GH,1696164431
351,flin flon,54.7682,-101.865,5.910000000000025,93,100,4.12,CA,1696164432
352,usinsk,65.9939,57.5281,11.260000000000048,90,100,9.35,RU,1696164432
353,fortuna,40.5982,-124.1573,8.510000000000048,96,75,0.0,US,1696164004
354,nantucket,41.2835,-70.0995,16.08000000000004,90,0,8.75,US,1696164432
355,nelson bay,-32.7167,152.15,21.670000000000016,56,63,0.45,AU,1696164065
356,kamakwie,9.5,-12.2333,31.660000000000025,66,100,0.88,SL,1696164433
357,sainte catherine de la jacques cartier,46.8524,-71.6206,12.920000000000016,100,75,3.09,CA,1696164433
358,kone,-21.0595,164.8658,19.100000000000023,79,100,2.67,NC,1696164052
359,khvansar,33.2205,50.315,22.30000000000001,11,47,5.53,IR,1696164433
360,brookings,44.3114,-96.7984,22.25,75,0,5.14,US,1696164025
361,leongatha,-38.4833,145.95,6.3700000000000045,98,8,1.1,AU,1696164434
362,saint-gilles,43.6766,4.4302,29.82000000000005,42,0,0.51,FR,1696164434
363,nar'yan-mar,67.6713,53.087,10.620000000000005,98,100,4.02,RU,1696163987
364,tetouan,35.5711,-5.3724,24.430000000000007,73,20,5.66,MA,1696164338
365,queenstown,-31.8976,26.8753,17.32000000000005,31,0,4.77,ZA,1696163986
366,luderitz,-26.6481,15.1594,21.53000000000003,54,0,7.81,NA,1696164016
367,quellon,-43.1167,-73.6167,5.960000000000036,92,100,3.81,CL,1696164068
368,manado,1.487,124.8455,27.430000000000007,74,40,2.57,ID,1696164435
369,kodar,16.9833,79.9667,26.79000000000002,83,100,2.67,IN,1696164435
370,kimbe,-5.5502,150.1429,24.850000000000023,92,97,1.93,PG,1696164436
371,swakopmund,-22.6833,14.5333,20.470000000000027,84,56,1.79,NA,1696164436
372,wewak,-3.5534,143.6268,26.439999999999998,87,14,1.72,PG,1696164436
373,rozhniv,48.366,25.2258,18.129999999999995,46,100,4.15,UA,1696164436
374,maubin,16.7333,95.65,24.150000000000034,96,100,2.08,MM,1696164436
375,leava,-14.3,-178.1667,25.450000000000045,80,100,11.18,WF,1696164437
376,weno,7.4515,151.8468,28.970000000000027,84,40,3.6,FM,1696164007
377,ulsteinvik,62.3432,5.8487,15.5,72,100,1.79,NO,1696164437
378,odesskoye,54.2111,72.9651,10.78000000000003,66,1,1.75,RU,1696164437
379,sile,41.1754,29.6133,20.370000000000005,77,100,7.42,TR,1696164437
380,bend,44.0582,-121.3153,5.960000000000036,82,0,2.57,US,1696164166
381,sassandra,4.95,-6.0833,26.99000000000001,82,46,4.31,CI,1696164438
382,ubari,26.5921,12.7805,34.69,21,98,5.22,LY,1696164438
383,asuncion nochixtlan,17.4667,-97.2333,12.770000000000039,91,61,1.93,MX,1696164438
384,ternate,0.8,127.4,26.970000000000027,82,53,2.66,ID,1696164438
385,susuman,62.7833,148.1667,-1.1200000000000045,73,14,1.79,RU,1696163932
386,delvada,20.7667,71.0333,28.370000000000005,70,92,6.18,IN,1696164439
387,tutong,4.8,114.65,28.05000000000001,84,100,4.23,BN,1696164439
388,bonthe,7.5264,-12.505,29.82000000000005,69,100,3.41,SL,1696164439
389,iskateley,67.6803,53.1512,10.57000000000005,98,100,4.02,RU,1696163994
390,ponsacco,43.6238,10.6291,33.660000000000025,32,0,0.45,IT,1696164440
391,moose jaw,50.4001,-105.5344,9.140000000000043,93,100,2.57,CA,1696164440
392,maun,-19.9833,23.4167,37.98000000000002,14,0,7.2,BW,1696164440
393,troitskoye,52.9821,84.6757,7.060000000000002,73,9,1.38,RU,1696164441
394,la spezia,44.1105,9.8434,29.720000000000027,55,0,0.45,IT,1696164442
395,qarah bagh,34.9402,61.7759,21.470000000000027,13,0,5.05,AF,1696164442
396,tarakan,3.3,117.6333,28.720000000000027,89,20,1.54,ID,1696164443
397,frontera,26.9333,-101.45,24.379999999999995,80,100,0.89,MX,1696164443
398,ulysses,37.5814,-101.3552,17.02000000000004,88,0,5.66,US,1696164443
399,berdigestyakh,62.0989,126.6992,2.090000000000032,58,100,1.89,RU,1696164047
400,prince rupert,54.3161,-130.3201,9.830000000000041,90,100,11.83,CA,1696164068
401,thinadhoo,0.5333,72.9333,28.230000000000018,71,100,5.75,MV,1696164444
402,ma'an,26.9775,110.7211,24.950000000000045,74,100,4.02,CN,1696164444
403,nuku'alofa,-21.1333,-175.2,21.189999999999998,73,40,4.63,TO,1696164026
404,kralendijk,12.15,-68.2667,30.99000000000001,70,20,2.57,BQ,1696164445
405,inirida,3.8653,-67.9239,27.650000000000034,79,100,1.19,CO,1696164445
406,hanceville,34.0607,-86.7675,21.420000000000016,68,0,1.67,US,1696164445
407,shendi,16.6915,33.4341,41.59000000000003,10,0,6.24,SD,1696164446
408,rumoi,43.9344,141.6428,14.640000000000043,84,50,5.27,JP,1696164446
409,booue,-0.0921,11.9385,31.28000000000003,64,59,0.21,GA,1696164446
410,naama,33.2667,-0.3167,28.629999999999995,17,2,0.34,DZ,1696164448
411,sengkang,-4.1279,120.0297,22.08000000000004,82,3,0.77,ID,1696164448
412,colonia,50.9333,6.95,26.640000000000043,53,0,3.6,DE,1696164044
413,buenavista del norte,28.3746,-16.861,29.75,69,2,4.44,ES,1696164449
414,port blair,11.6667,92.75,26.02000000000004,89,100,3.09,IN,1696164449
415,taltal,-25.4,-70.4833,16.590000000000032,72,0,1.88,CL,1696163994
416,hirara,24.8,125.2833,28.150000000000034,83,20,7.72,JP,1696164450
417,xining,36.6167,101.7667,13.620000000000005,78,96,2.52,CN,1696164451
418,alofi,-19.0595,-169.9187,21.939999999999998,73,100,5.66,NU,1696164451
419,isla del bosque,22.7333,-105.85,27.450000000000045,87,11,0.65,MX,1696164452
420,fonte boa,-2.4959,-66.2662,28.27000000000004,74,100,1.12,BR,1696164452
421,san luis de la loma,17.2706,-100.8939,26.07000000000005,88,68,2.0,MX,1696164452
422,kirakira,-10.4544,161.9205,25.220000000000027,87,86,4.46,SB,1696164068
423,bantay,17.5847,120.3892,27.5,88,100,3.07,PH,1696164454
424,praia da vitoria,38.7333,-27.0667,22.140000000000043,68,20,3.94,PT,1696163927
425,montepuez,-13.1256,38.9997,34.660000000000025,17,61,3.02,MZ,1696163926
426,torroella de montgri,42.0425,3.127,30.670000000000016,52,0,3.76,ES,1696164455
427,vernon,50.2581,-119.2691,5.720000000000027,89,94,3.09,CA,1696164306
428,geraldton,-28.7667,114.6,19.230000000000018,63,100,5.66,AU,1696164017
429,envira,-7.3,-70.2167,25.08000000000004,92,100,0.29,BR,1696164456
430,na wa,17.4897,104.1006,29.02000000000004,87,10,1.45,TH,1696164456
431,touba,8.2833,-7.6833,29.870000000000005,63,74,1.88,CI,1696164457
432,skovorodino,53.9833,123.9167,6.360000000000014,68,94,1.02,RU,1696164457
433,mohelnice,49.777,16.9195,20.210000000000036,60,74,3.39,CZ,1696164458
434,klaksvik,62.2266,-6.589,11.510000000000048,94,100,10.59,FO,1696163985
435,chimbarongo,-34.7,-71.05,12.620000000000005,84,18,1.5,CL,1696164459
436,saint-marc,19.1082,-72.6938,29.560000000000002,73,100,1.66,HT,1696164459
437,kita,13.0349,-9.4895,34.39000000000004,43,86,2.38,ML,1696164460
438,buncrana,55.1333,-7.45,16.870000000000005,67,0,6.1,IE,1696164460
439,tromso,69.6496,18.957,7.010000000000048,81,75,2.06,NO,1696164461
440,maamba,-17.3667,27.15,37.77000000000004,16,4,4.06,ZM,1696164461
441,belyy yar,53.6039,91.3903,4.939999999999998,70,75,2.0,RU,1696164055
442,east london,-33.0153,27.9116,19.52000000000004,59,20,5.66,ZA,1696164010
443,santiago de cao,-7.9589,-79.2392,18.07000000000005,94,98,3.09,PE,1696164462
444,ilam,26.9167,87.9167,21.439999999999998,90,75,1.47,NP,1696164463
445,fyzabad,26.7833,82.1333,29.310000000000002,68,8,0.59,IN,1696164463
446,san angelo,31.4638,-100.437,23.30000000000001,80,75,1.79,US,1696164206
447,newman,37.3138,-121.0208,15.590000000000032,81,84,0.73,US,1696163923
448,urangan,-25.3,152.9,20.74000000000001,69,16,4.21,AU,1696164043
449,perugorria,-29.3413,-58.6106,17.620000000000005,50,0,4.39,AR,1696164464
450,la mira,18.035,-102.3266,25.860000000000014,90,98,1.75,MX,1696164465
451,dwarka,22.2394,68.9678,28.230000000000018,72,98,5.93,IN,1696164465
452,general mosconi,-23.1851,-62.303,25.02000000000004,33,55,3.32,AR,1696164465
453,sisimiut,66.9395,-53.6735,1.1899999999999977,65,100,3.55,GL,1696163936
454,pimentel,-6.8367,-79.9342,20.160000000000025,83,81,6.17,PE,1696164466
455,melekeok village,7.4957,134.6367,28.310000000000002,83,75,1.54,PW,1696164467
456,lerwick,60.1545,-1.1494,13.0,95,100,7.51,GB,1696164468
457,les anglais,18.3054,-74.2197,29.24000000000001,74,99,1.35,HT,1696164468
458,san francisco de la paz,14.9,-86.2,22.840000000000032,94,100,0.26,HN,1696164469
459,ghat,24.9647,10.1728,34.99000000000001,16,60,3.07,LY,1696164012
460,richmond,37.5538,-77.4603,17.74000000000001,95,0,2.06,US,1696164254
461,bardai,11.65,7.2333,27.52000000000004,65,96,3.58,NG,1696164040
462,hammerfest,70.6634,23.6821,6.25,87,75,4.12,NO,1696163982
463,antalaha,-14.9003,50.2788,25.860000000000014,71,22,3.39,MG,1696164040
464,as sulayyil,20.4607,45.5779,40.14000000000004,8,0,5.81,SA,1696164471
465,kourou,5.1552,-52.6478,31.03000000000003,58,98,4.13,GF,1696164084
466,pitimbu,-7.4706,-34.8086,28.33000000000004,62,88,5.61,BR,1696164471
467,puerto leguizamo,-0.1934,-74.7819,24.54000000000002,94,100,0.44,CO,1696164033
468,thunder bay,48.4001,-89.3168,15.990000000000009,100,100,3.6,CA,1696163794
469,shahganj,26.05,82.6833,28.610000000000014,70,72,1.59,IN,1696164472
470,sitka,57.0531,-135.33,12.939999999999998,67,100,4.63,US,1696163706
471,tsementnyy,57.4678,60.1439,14.720000000000027,55,0,3.05,RU,1696164473
472,palu,-0.8917,119.8707,25.02000000000004,95,12,0.71,ID,1696164473
473,senanga,-16.1167,23.2667,40.47000000000003,8,5,1.91,ZM,1696164474
474,necochea,-38.5473,-58.7368,10.990000000000009,76,78,1.07,AR,1696164046
475,broome,42.2506,-75.833,15.670000000000016,95,0,3.09,US,1696164034
476,afaahiti,-17.75,-149.2833,22.930000000000007,85,42,9.14,PF,1696164018
477,zhenlai,45.8495,123.2973,12.650000000000034,44,97,2.59,CN,1696164476
478,san antonio de pale,-1.4014,5.6325,25.450000000000045,81,48,5.98,GQ,1696164016
479,mil'kovo,55.6078,37.7956,16.170000000000016,51,100,4.43,RU,1696164477
480,guane,22.2025,-84.0875,27.010000000000048,86,30,2.57,CU,1696164478
481,kakata,6.53,-10.3517,28.49000000000001,84,100,1.65,LR,1696164478
482,koungheul,13.9833,-14.8,34.07000000000005,53,100,1.91,SN,1696164479
483,ust'-ilimsk,58.0006,102.6619,1.3600000000000136,74,100,4.47,RU,1696164048
484,shingu,33.7333,135.9833,20.230000000000018,84,72,2.91,JP,1696164479
485,santa ana,33.7456,-117.8678,16.140000000000043,81,100,0.0,US,1696164465
486,bafra,41.5678,35.9069,22.510000000000048,70,100,4.4,TR,1696164480
487,arkhangel'sk,64.5401,40.5433,12.850000000000023,84,100,3.79,RU,1696164062
488,inhambane,-23.865,35.3833,23.99000000000001,69,75,9.39,MZ,1696164482
489,ouani,-12.1322,44.4258,26.57000000000005,70,57,2.65,KM,1696164483
490,springe,52.2085,9.5542,22.49000000000001,68,100,5.65,DE,1696164483
491,baoqing,46.3317,132.2111,7.82000000000005,88,27,2.29,CN,1696164484
492,smithers,54.7804,-127.1743,5.180000000000007,100,100,0.0,CA,1696163931
493,maturin,9.75,-63.1767,29.58000000000004,72,100,1.37,VE,1696164485
494,aliabad,41.4822,46.6353,24.79000000000002,50,75,1.03,AZ,1696164485
495,soto la marina,23.7667,-98.2167,23.80000000000001,89,0,1.34,MX,1696164377
496,sinabang,2.4803,96.3801,26.57000000000005,85,31,3.57,ID,1696164486
497,darwin,-12.4611,130.8418,27.99000000000001,78,20,4.63,AU,1696164073
498,belmonte,-15.8631,-38.8828,26.400000000000034,63,14,3.31,BR,1696164033
499,gornozavodsk,58.3758,58.3211,11.870000000000005,69,93,3.76,RU,1696164487
500,arroio do meio,-29.4011,-51.945,16.04000000000002,86,84,1.51,BR,1696164487
501,cabreuva,-23.3075,-47.1328,25.74000000000001,60,78,3.72,BR,1696164487
502,mejit,10.2753,170.8646,26.730000000000018,76,100,2.35,MH,1696163934
503,walden,41.5612,-74.1885,16.879999999999995,97,100,0.0,US,1696164488
504,cabinda,-5.55,12.2,28.08000000000004,74,75,3.6,AO,1696164489
505,lompoc,34.6391,-120.4579,13.770000000000039,87,0,1.79,US,1696163996
506,padang,-0.9492,100.3543,26.03000000000003,89,99,2.43,ID,1696164490
507,curillo,1.0333,-75.9191,24.260000000000048,91,100,0.69,CO,1696164491
508,labasa,-16.4167,179.3833,21.900000000000034,69,100,5.46,FJ,1696164491
509,decorah,43.3033,-91.7857,19.590000000000032,100,0,2.06,US,1696164492
510,chegdomyn,51.1167,133.0167,6.2900000000000205,88,98,1.79,RU,1696164492
511,vanimo,-2.6741,141.3028,26.27000000000004,88,86,1.41,PG,1696164001
512,grants,35.1473,-107.8514,10.129999999999995,57,0,4.12,US,1696164493
513,kapuskasing,49.4169,-82.4331,10.050000000000011,100,100,2.06,CA,1696164017
514,sungai penuh,-2.0833,101.3833,19.78000000000003,96,100,0.57,ID,1696164494
515,serowe,-22.3833,26.7167,36.370000000000005,9,1,3.24,BW,1696164494
516,shakiso,5.75,38.9167,20.53000000000003,78,90,1.61,ET,1696163991
517,dalbandin,28.8947,64.4101,30.220000000000027,9,0,2.41,PK,1696164253
518,nchelenge,-9.3451,28.734,31.700000000000045,39,4,4.29,ZM,1696164495
519,groves,29.9483,-93.9171,23.0,88,0,3.6,US,1696164496
520,cabedelo,-6.9811,-34.8339,28.370000000000005,65,84,6.28,BR,1696164036
521,flekkefjord,58.2971,6.6607,14.410000000000025,85,100,1.27,NO,1696164497
522,san patricio,28.017,-97.5169,28.920000000000016,82,13,3.57,US,1696163986
523,peterhead,57.5058,-1.7981,19.689999999999998,72,7,3.42,GB,1696164081
524,itoman,26.1247,127.6694,28.010000000000048,77,20,6.17,JP,1696164038
525,chonchi,-42.6128,-73.8092,9.510000000000048,99,100,1.33,CL,1696163987
526,arraias,-12.9288,-46.9437,33.27000000000004,21,9,2.96,BR,1696164498
527,samannud,30.9603,31.2433,31.210000000000036,31,100,6.77,EG,1696164499
528,kutoarjo,-7.7169,109.9128,22.640000000000043,92,5,1.35,ID,1696164499
529,midvagur,62.0511,-7.1939,11.460000000000036,93,100,7.2,FO,1696164500
530,changping,40.2186,116.2197,13.800000000000011,37,100,1.3,CN,1696164501
531,kutum,14.2,24.6667,34.460000000000036,20,100,6.99,SD,1696164501
532,kavieng,-2.5744,150.7967,27.410000000000025,81,95,2.22,PG,1696164079
533,labrador city,52.9463,-66.9114,7.9500000000000455,71,75,5.66,CA,1696164502
534,tabou,4.423,-7.3528,26.420000000000016,85,50,4.91,CI,1696164502
535,caleta de carquin,-11.0925,-77.6267,18.870000000000005,86,86,3.94,PE,1696164503
536,hays,30.0502,-98.0336,23.27000000000004,89,99,2.59,US,1696164206
537,chippewa falls,44.9369,-91.3929,19.430000000000007,94,0,0.0,US,1696164302
538,atlantic,39.4668,-74.6663,16.600000000000023,95,0,4.12,US,1696164504
539,vila franca do campo,37.7167,-25.4333,20.49000000000001,99,100,3.16,PT,1696164060
540,khandyga,62.6667,135.6,2.150000000000034,73,93,1.23,RU,1696163927
541,anna regina,7.2644,-58.5077,29.379999999999995,75,100,4.17,GY,1696164505
542,buka,40.8108,69.1986,22.560000000000002,21,97,4.72,UZ,1696164066
543,twon-brass,4.3151,6.2418,27.120000000000005,81,52,6.39,NG,1696164506
544,nadi,-17.8,177.4167,20.0,68,20,3.09,FJ,1696163983
545,canico,32.6333,-16.85,28.170000000000016,74,20,3.6,PT,1696164507
546,xiva,41.3783,60.3639,22.99000000000001,22,6,2.82,UZ,1696164507
547,revda,56.801,59.9303,11.78000000000003,70,0,2.97,RU,1696164021
548,conceicao da barra,-18.5933,-39.7322,27.670000000000016,55,99,3.54,BR,1696164508
549,kargil,34.5667,76.1,11.29000000000002,32,12,3.11,IN,1696164508
550,swift current,50.2834,-107.8014,8.450000000000045,100,100,9.77,CA,1696164407
551,moussoro,13.6408,16.4901,35.610000000000014,20,49,3.27,TD,1696164509
552,la ronge,55.1001,-105.2842,8.140000000000043,71,100,3.09,CA,1696163996
553,elin pelin,42.6667,23.6,23.54000000000002,43,75,5.66,BG,1696164510
554,muborak,39.2553,65.1528,23.24000000000001,17,35,4.96,UZ,1696164511
555,gore,-46.1028,168.9436,13.080000000000041,66,100,3.64,NZ,1696164511
556,griffith,41.5284,-87.4237,18.83000000000004,94,0,1.54,US,1696164511
557,juan griego,11.0817,-63.9655,29.890000000000043,70,100,1.49,VE,1696164512
558,huanta,-12.9333,-74.25,15.220000000000027,67,74,0.34,PE,1696164512
559,dhari,21.3333,71.0167,28.390000000000043,56,68,4.33,IN,1696164512
560,dunedin,-45.8742,170.5036,10.450000000000045,80,100,0.45,NZ,1696164513
561,kholmsk,47.0511,142.0569,13.189999999999998,86,99,6.24,RU,1696164514
562,vila do maio,15.1333,-23.2167,31.439999999999998,77,100,7.19,CV,1696164514
563,essaouira,31.5125,-9.77,36.72000000000003,16,99,3.09,MA,1696164071
564,ban su-ngai pa di,6.0724,101.8717,28.77000000000004,94,77,0.49,TH,1696164515
565,kuqa,41.7278,82.9364,21.80000000000001,24,10,2.39,CN,1696164052
566,kisiwani,-4.1333,37.95,30.57000000000005,39,13,2.48,TZ,1696164515
567,moa,20.6569,-74.9403,29.0,81,70,4.35,CU,1696164516
568,ghanzi,-21.5667,21.7833,35.99000000000001,6,0,3.47,BW,1696163982
569,aioun,16.6614,-9.6149,38.59000000000003,9,69,2.55,MR,1696164517
570,eleskirt,39.8033,42.6736,18.920000000000016,40,97,5.1,TR,1696164517
571,siocon,7.7061,122.1353,26.350000000000023,89,100,2.1,PH,1696164517
